24305026,350org,https://api.github.com/orgs/350org
,,
106303238,morpho-dao,https://api.github.com/orgs/morpho-dao
,,
,,
,,
66193563,dendronhq,https://api.github.com/orgs/dendronhq
,,
,,
,,
,,
,,
93807059,Sooktoring,https://api.github.com/orgs/Sooktoring
,,
25355022,livepeer,https://api.github.com/orgs/livepeer
,,
,,
,,
56742327,product-os,https://api.github.com/orgs/product-os
,,
,,
,,
,,
108262640,web-application-app,https://api.github.com/orgs/web-application-app
,,
,,
,,
,,
,,
60207193,stolostron,https://api.github.com/orgs/stolostron
